symbol_code,timestamp,open,high,low,close,volume,adjustment_basis
TEST0001,2024-12-19T15:30:00+09:00,698.0,705.0,694.0,700.0,380000,synthetic_split_adjusted
TEST0001,2024-12-20T15:30:00+09:00,709.14,716.14,705.14,711.14,391389,synthetic_split_adjusted
TEST0001,2024-12-23T15:30:00+09:00,720.07,727.07,716.07,722.07,402547,synthetic_split_adjusted
TEST0001,2024-12-24T15:30:00+09:00,730.61,737.61,726.61,732.61,413245,synthetic_split_adjusted
TEST0001,2024-12-25T15:30:00+09:00,740.54,747.54,736.54,742.54,423266,synthetic_split_adjusted
TEST0001,2024-12-26T15:30:00+09:00,749.71,756.71,745.71,751.71,432406,synthetic_split_adjusted
TEST0001,2024-12-27T15:30:00+09:00,757.94,764.94,753.94,759.94,440478,synthetic_split_adjusted
TEST0001,2024-12-30T15:30:00+09:00,765.08,772.08,761.08,767.08,447317,synthetic_split_adjusted
TEST0001,2024-12-31T15:30:00+09:00,771.01,778.01,767.01,773.01,452785,synthetic_split_adjusted
TEST0001,2025-01-01T15:30:00+09:00,775.63,782.63,771.63,777.63,456771,synthetic_split_adjusted
TEST0001,2025-01-02T15:30:00+09:00,778.86,785.86,774.86,780.86,459192,synthetic_split_adjusted
TEST0001,2025-01-03T15:30:00+09:00,780.65,787.65,776.65,782.65,459999,synthetic_split_adjusted
TEST0001,2025-01-06T15:30:00+09:00,780.99,787.99,776.99,782.99,459177,synthetic_split_adjusted
TEST0001,2025-01-07T15:30:00+09:00,779.87,786.87,775.87,781.87,456742,synthetic_split_adjusted
TEST0001,2025-01-08T15:30:00+09:00,777.34,784.34,773.34,779.34,452743,synthetic_split_adjusted
TEST0001,2025-01-09T15:30:00+09:00,773.45,780.45,769.45,775.45,447262,synthetic_split_adjusted
TEST0001,2025-01-10T15:30:00+09:00,768.3,775.3,764.3,770.3,440411,synthetic_split_adjusted
TEST0001,2025-01-13T15:30:00+09:00,762.0,769.0,758.0,764.0,432329,synthetic_split_adjusted
TEST0001,2025-01-14T15:30:00+09:00,754.68,761.68,750.68,756.68,423181,synthetic_split_adjusted
TEST0001,2025-01-15T15:30:00+09:00,746.51,753.51,742.51,748.51,413153,synthetic_split_adjusted
TEST0001,2025-01-16T15:30:00+09:00,737.65,744.65,733.65,739.65,402450,synthetic_split_adjusted
TEST0001,2025-01-17T15:30:00+09:00,728.29,735.29,724.29,730.29,391289,synthetic_split_adjusted
TEST0001,2025-01-20T15:30:00+09:00,718.63,725.63,714.63,720.63,379898,synthetic_split_adjusted
TEST0001,2025-01-21T15:30:00+09:00,708.87,715.87,704.87,710.87,368510,synthetic_split_adjusted
TEST0001,2025-01-22T15:30:00+09:00,699.21,706.21,695.21,701.21,357355,synthetic_split_adjusted
TEST0001,2025-01-23T15:30:00+09:00,689.85,696.85,685.85,691.85,346662,synthetic_split_adjusted
TEST0001,2025-01-24T15:30:00+09:00,680.99,687.99,676.99,682.99,336648,synthetic_split_adjusted
TEST0001,2025-01-27T15:30:00+09:00,672.82,679.82,668.82,674.82,327517,synthetic_split_adjusted
TEST0001,2025-01-28T15:30:00+09:00,665.5,672.5,661.5,667.5,319455,synthetic_split_adjusted
TEST0001,2025-01-29T15:30:00+09:00,659.2,666.2,655.2,661.2,312627,synthetic_split_adjusted
TEST0001,2025-01-30T15:30:00+09:00,654.05,661.05,650.05,656.05,307172,synthetic_split_adjusted
TEST0001,2025-01-31T15:30:00+09:00,650.16,657.16,646.16,652.16,303200,synthetic_split_adjusted
TEST0001,2025-02-03T15:30:00+09:00,647.63,654.63,643.63,649.63,300793,synthetic_split_adjusted
TEST0001,2025-02-04T15:30:00+09:00,646.51,653.51,642.51,648.51,300000,synthetic_split_adjusted
TEST0001,2025-02-05T15:30:00+09:00,646.85,653.85,642.85,648.85,300836,synthetic_split_adjusted
TEST0001,2025-02-06T15:30:00+09:00,648.64,655.64,644.64,650.64,303286,synthetic_split_adjusted
TEST0001,2025-02-07T15:30:00+09:00,651.87,658.87,647.87,653.87,307298,synthetic_split_adjusted
TEST0001,2025-02-10T15:30:00+09:00,656.49,663.49,652.49,658.49,312791,synthetic_split_adjusted
TEST0001,2025-02-11T15:30:00+09:00,662.42,669.42,658.42,664.42,319654,synthetic_split_adjusted
TEST0001,2025-02-12T15:30:00+09:00,669.56,676.56,665.56,671.56,327746,synthetic_split_adjusted
TEST0001,2025-02-13T15:30:00+09:00,677.79,684.79,673.79,679.79,336903,synthetic_split_adjusted
TEST0001,2025-02-14T15:30:00+09:00,686.96,693.96,682.96,688.96,346938,synthetic_split_adjusted
TEST0001,2025-02-17T15:30:00+09:00,696.89,703.89,692.89,698.89,357646,synthetic_split_adjusted
TEST0001,2025-02-18T15:30:00+09:00,707.43,714.43,703.43,709.43,368810,synthetic_split_adjusted
TEST0001,2025-02-19T15:30:00+09:00,718.36,725.36,714.36,720.36,380202,synthetic_split_adjusted
TEST0001,2025-02-20T15:30:00+09:00,729.5,736.5,725.5,731.5,391589,synthetic_split_adjusted
TEST0001,2025-02-21T15:30:00+09:00,740.64,747.64,736.64,742.64,402741,synthetic_split_adjusted
TEST0001,2025-02-24T15:30:00+09:00,751.57,758.57,747.57,753.57,413429,synthetic_split_adjusted
TEST0001,2025-02-25T15:30:00+09:00,762.11,769.11,758.11,764.11,423436,synthetic_split_adjusted
TEST0001,2025-02-26T15:30:00+09:00,772.04,779.04,768.04,774.04,432558,synthetic_split_adjusted
TEST0001,2025-02-27T15:30:00+09:00,781.21,788.21,777.21,783.21,440610,synthetic_split_adjusted
TEST0001,2025-02-28T15:30:00+09:00,789.44,796.44,785.44,791.44,447426,synthetic_split_adjusted
TEST0001,2025-03-03T15:30:00+09:00,796.58,803.58,792.58,798.58,452869,synthetic_split_adjusted
TEST0001,2025-03-04T15:30:00+09:00,802.51,809.51,798.51,804.51,456827,synthetic_split_adjusted
TEST0001,2025-03-05T15:30:00+09:00,807.13,814.13,803.13,809.13,459220,synthetic_split_adjusted
TEST0001,2025-03-06T15:30:00+09:00,810.36,817.36,806.36,812.36,459999,synthetic_split_adjusted
TEST0001,2025-03-07T15:30:00+09:00,812.15,819.15,808.15,814.15,459148,synthetic_split_adjusted
TEST0001,2025-03-10T15:30:00+09:00,812.49,819.49,808.49,814.49,456685,synthetic_split_adjusted
TEST0001,2025-03-11T15:30:00+09:00,811.37,818.37,807.37,813.37,452659,synthetic_split_adjusted
TEST0001,2025-03-12T15:30:00+09:00,808.84,815.84,804.84,810.84,447153,synthetic_split_adjusted
TEST0001,2025-03-13T15:30:00+09:00,804.95,811.95,800.95,806.95,440278,synthetic_split_adjusted
TEST0001,2025-03-14T15:30:00+09:00,799.8,806.8,795.8,801.8,432176,synthetic_split_adjusted
TEST0001,2025-03-17T15:30:00+09:00,793.5,800.5,789.5,795.5,423011,synthetic_split_adjusted
TEST0001,2025-03-18T15:30:00+09:00,786.18,793.18,782.18,788.18,412969,synthetic_split_adjusted
TEST0001,2025-03-19T15:30:00+09:00,778.01,785.01,774.01,780.01,402256,synthetic_split_adjusted
TEST0001,2025-03-20T15:30:00+09:00,769.15,776.15,765.15,771.15,391089,synthetic_split_adjusted
TEST0001,2025-03-21T15:30:00+09:00,759.79,766.79,755.79,761.79,379696,synthetic_split_adjusted
TEST0001,2025-03-24T15:30:00+09:00,750.13,757.13,746.13,752.13,368309,synthetic_split_adjusted
TEST0001,2025-03-25T15:30:00+09:00,740.37,747.37,736.37,742.37,357161,synthetic_split_adjusted
TEST0001,2025-03-26T15:30:00+09:00,730.71,737.71,726.71,732.71,346478,synthetic_split_adjusted
TEST0001,2025-03-27T15:30:00+09:00,721.35,728.35,717.35,723.35,336478,synthetic_split_adjusted
TEST0001,2025-03-28T15:30:00+09:00,712.49,719.49,708.49,714.49,327364,synthetic_split_adjusted
TEST0001,2025-03-31T15:30:00+09:00,704.32,711.32,700.32,706.32,319323,synthetic_split_adjusted
TEST0001,2025-04-01T15:30:00+09:00,697.0,704.0,693.0,699.0,312518,synthetic_split_adjusted
TEST0001,2025-04-02T15:30:00+09:00,690.7,697.7,686.7,692.7,307088,synthetic_split_adjusted
TEST0001,2025-04-03T15:30:00+09:00,685.55,692.55,681.55,687.55,303144,synthetic_split_adjusted
TEST0001,2025-04-04T15:30:00+09:00,681.66,688.66,677.66,683.66,300765,synthetic_split_adjusted
TEST0001,2025-04-07T15:30:00+09:00,679.13,686.13,675.13,681.13,300000,synthetic_split_adjusted
TEST0001,2025-04-08T15:30:00+09:00,678.01,685.01,674.01,680.01,300866,synthetic_split_adjusted
TEST0001,2025-04-09T15:30:00+09:00,678.35,685.35,674.35,680.35,303343,synthetic_split_adjusted
TEST0001,2025-04-10T15:30:00+09:00,680.14,687.14,676.14,682.14,307383,synthetic_split_adjusted
TEST0001,2025-04-11T15:30:00+09:00,683.37,690.37,679.37,685.37,312901,synthetic_split_adjusted
TEST0001,2025-04-14T15:30:00+09:00,687.99,694.99,683.99,689.99,319787,synthetic_split_adjusted
TEST0001,2025-04-15T15:30:00+09:00,693.92,700.92,689.92,695.92,327900,synthetic_split_adjusted
TEST0001,2025-04-16T15:30:00+09:00,701.06,708.06,697.06,703.06,337074,synthetic_split_adjusted
TEST0001,2025-04-17T15:30:00+09:00,709.29,716.29,705.29,711.29,347122,synthetic_split_adjusted
TEST0001,2025-04-18T15:30:00+09:00,718.46,725.46,714.46,720.46,357841,synthetic_split_adjusted
TEST0001,2025-04-21T15:30:00+09:00,728.39,735.39,724.39,730.39,369010,synthetic_split_adjusted
TEST0001,2025-04-22T15:30:00+09:00,738.93,745.93,734.93,740.93,380404,synthetic_split_adjusted
TEST0001,2025-04-23T15:30:00+09:00,749.86,756.86,745.86,751.86,391790,synthetic_split_adjusted
TEST0001,2025-04-24T15:30:00+09:00,761.0,768.0,757.0,763.0,402935,synthetic_split_adjusted
TEST0001,2025-04-25T15:30:00+09:00,772.14,779.14,768.14,774.14,413613,synthetic_split_adjusted
TEST0001,2025-04-28T15:30:00+09:00,783.07,790.07,779.07,785.07,423606,synthetic_split_adjusted
TEST0001,2025-04-29T15:30:00+09:00,793.61,800.61,789.61,795.61,432711,synthetic_split_adjusted
TEST0001,2025-04-30T15:30:00+09:00,803.54,810.54,799.54,805.54,440742,synthetic_split_adjusted
TEST0001,2025-05-01T15:30:00+09:00,812.71,819.71,808.71,814.71,447535,synthetic_split_adjusted
TEST0001,2025-05-02T15:30:00+09:00,820.94,827.94,816.94,822.94,452952,synthetic_split_adjusted
TEST0001,2025-05-05T15:30:00+09:00,828.08,835.08,824.08,830.08,456883,synthetic_split_adjusted
TEST0001,2025-05-06T15:30:00+09:00,834.01,841.01,830.01,836.01,459248,synthetic_split_adjusted
TEST0001,2025-05-07T15:30:00+09:00,838.63,845.63,834.63,840.63,459998,synthetic_split_adjusted
TEST0001,2025-05-08T15:30:00+09:00,841.86,848.86,837.86,843.86,459118,synthetic_split_adjusted
TEST0001,2025-05-09T15:30:00+09:00,843.65,850.65,839.65,845.65,456627,synthetic_split_adjusted
TEST0001,2025-05-12T15:30:00+09:00,843.99,850.99,839.99,845.99,452574,synthetic_split_adjusted
TEST0001,2025-05-13T15:30:00+09:00,842.87,849.87,838.87,844.87,447043,synthetic_split_adjusted
TEST0001,2025-05-14T15:30:00+09:00,840.34,847.34,836.34,842.34,440145,synthetic_split_adjusted
TEST0001,2025-05-15T15:30:00+09:00,836.45,843.45,832.45,838.45,432023,synthetic_split_adjusted
TEST0001,2025-05-16T15:30:00+09:00,831.3,838.3,827.3,833.3,422840,synthetic_split_adjusted
TEST0001,2025-05-19T15:30:00+09:00,825.0,832.0,821.0,827.0,412785,synthetic_split_adjusted
TEST0001,2025-05-20T15:30:00+09:00,817.68,824.68,813.68,819.68,402061,synthetic_split_adjusted
TEST0001,2025-05-21T15:30:00+09:00,809.51,816.51,805.51,811.51,390888,synthetic_split_adjusted
TEST0001,2025-05-22T15:30:00+09:00,800.65,807.65,796.65,802.65,379494,synthetic_split_adjusted
TEST0001,2025-05-23T15:30:00+09:00,791.29,798.29,787.29,793.29,368109,synthetic_split_adjusted
TEST0001,2025-05-26T15:30:00+09:00,781.63,788.63,777.63,783.63,356967,synthetic_split_adjusted
TEST0001,2025-05-27T15:30:00+09:00,771.87,778.87,767.87,773.87,346294,synthetic_split_adjusted
TEST0001,2025-05-28T15:30:00+09:00,762.21,769.21,758.21,764.21,336308,synthetic_split_adjusted
TEST0001,2025-05-29T15:30:00+09:00,752.85,759.85,748.85,754.85,327212,synthetic_split_adjusted
TEST0001,2025-05-30T15:30:00+09:00,743.99,750.99,739.99,745.99,319192,synthetic_split_adjusted
TEST0001,2025-06-02T15:30:00+09:00,735.82,742.82,731.82,737.82,312410,synthetic_split_adjusted
TEST0001,2025-06-03T15:30:00+09:00,728.5,735.5,724.5,730.5,307005,synthetic_split_adjusted
TEST0001,2025-06-04T15:30:00+09:00,722.2,729.2,718.2,724.2,303088,synthetic_split_adjusted
TEST0001,2025-06-05T15:30:00+09:00,717.05,724.05,713.05,719.05,300737,synthetic_split_adjusted
TEST0001,2025-06-06T15:30:00+09:00,713.16,720.16,709.16,715.16,300001,synthetic_split_adjusted
TEST0001,2025-06-09T15:30:00+09:00,710.63,717.63,706.63,712.63,300896,synthetic_split_adjusted
TEST0001,2025-06-10T15:30:00+09:00,709.51,716.51,705.51,711.51,303401,synthetic_split_adjusted
TEST0001,2025-06-11T15:30:00+09:00,709.85,716.85,705.85,711.85,307468,synthetic_split_adjusted
TEST0001,2025-06-12T15:30:00+09:00,711.64,718.64,707.64,713.64,313012,synthetic_split_adjusted
TEST0001,2025-06-13T15:30:00+09:00,714.87,721.87,710.87,716.87,319921,synthetic_split_adjusted
TEST0001,2025-06-16T15:30:00+09:00,719.49,726.49,715.49,721.49,328053,synthetic_split_adjusted
TEST0001,2025-06-17T15:30:00+09:00,725.42,732.42,721.42,727.42,337245,synthetic_split_adjusted
TEST0001,2025-06-18T15:30:00+09:00,732.56,739.56,728.56,734.56,347307,synthetic_split_adjusted
TEST0001,2025-06-19T15:30:00+09:00,740.79,747.79,736.79,742.79,358035,synthetic_split_adjusted
TEST0001,2025-06-20T15:30:00+09:00,749.96,756.96,745.96,751.96,369211,synthetic_split_adjusted
TEST0001,2025-06-23T15:30:00+09:00,759.89,766.89,755.89,761.89,380606,synthetic_split_adjusted
TEST0001,2025-06-24T15:30:00+09:00,770.43,777.43,766.43,772.43,391990,synthetic_split_adjusted
TEST0001,2025-06-25T15:30:00+09:00,781.36,788.36,777.36,783.36,403129,synthetic_split_adjusted
TEST0001,2025-06-26T15:30:00+09:00,792.5,799.5,788.5,794.5,413796,synthetic_split_adjusted
TEST0001,2025-06-27T15:30:00+09:00,803.64,810.64,799.64,805.64,423776,synthetic_split_adjusted
TEST0001,2025-06-30T15:30:00+09:00,814.57,821.57,810.57,816.57,432863,synthetic_split_adjusted
TEST0001,2025-07-01T15:30:00+09:00,825.11,832.11,821.11,827.11,440873,synthetic_split_adjusted
TEST0001,2025-07-02T15:30:00+09:00,835.04,842.04,831.04,837.04,447643,synthetic_split_adjusted
TEST0001,2025-07-03T15:30:00+09:00,844.21,851.21,840.21,846.21,453035,synthetic_split_adjusted
TEST0001,2025-07-04T15:30:00+09:00,852.44,859.44,848.44,854.44,456939,synthetic_split_adjusted
TEST0001,2025-07-07T15:30:00+09:00,859.58,866.58,855.58,861.58,459275,synthetic_split_adjusted
TEST0001,2025-07-08T15:30:00+09:00,865.51,872.51,861.51,867.51,459997,synthetic_split_adjusted
TEST0001,2025-07-09T15:30:00+09:00,870.13,877.13,866.13,872.13,459088,synthetic_split_adjusted
TEST0001,2025-07-10T15:30:00+09:00,873.36,880.36,869.36,875.36,456568,synthetic_split_adjusted
TEST0001,2025-07-11T15:30:00+09:00,875.15,882.15,871.15,877.15,452489,synthetic_split_adjusted
TEST0001,2025-07-14T15:30:00+09:00,875.49,882.49,871.49,877.49,446932,synthetic_split_adjusted
TEST0001,2025-07-15T15:30:00+09:00,874.37,881.37,870.37,876.37,440012,synthetic_split_adjusted
TEST0001,2025-07-16T15:30:00+09:00,871.84,878.84,867.84,873.84,431869,synthetic_split_adjusted
TEST0001,2025-07-17T15:30:00+09:00,867.95,874.95,863.95,869.95,422669,synthetic_split_adjusted
TEST0001,2025-07-18T15:30:00+09:00,862.8,869.8,858.8,864.8,412600,synthetic_split_adjusted
TEST0001,2025-07-21T15:30:00+09:00,856.5,863.5,852.5,858.5,401867,synthetic_split_adjusted
TEST0001,2025-07-22T15:30:00+09:00,849.18,856.18,845.18,851.18,390688,synthetic_split_adjusted
TEST0001,2025-07-23T15:30:00+09:00,841.01,848.01,837.01,843.01,379291,synthetic_split_adjusted
TEST0001,2025-07-24T15:30:00+09:00,832.15,839.15,828.15,834.15,367909,synthetic_split_adjusted
TEST0001,2025-07-25T15:30:00+09:00,822.79,829.79,818.79,824.79,356774,synthetic_split_adjusted
TEST0001,2025-07-28T15:30:00+09:00,813.13,820.13,809.13,815.13,346111,synthetic_split_adjusted
TEST0001,2025-07-29T15:30:00+09:00,803.37,810.37,799.37,805.37,336139,synthetic_split_adjusted
TEST0001,2025-07-30T15:30:00+09:00,793.71,800.71,789.71,795.71,327060,synthetic_split_adjusted
TEST0001,2025-07-31T15:30:00+09:00,784.35,791.35,780.35,786.35,319060,synthetic_split_adjusted
TEST0001,2025-08-01T15:30:00+09:00,775.49,782.49,771.49,777.49,312302,synthetic_split_adjusted
TEST0001,2025-08-04T15:30:00+09:00,767.32,774.32,763.32,769.32,306923,synthetic_split_adjusted
TEST0001,2025-08-05T15:30:00+09:00,760.0,767.0,756.0,762.0,303032,synthetic_split_adjusted
TEST0001,2025-08-06T15:30:00+09:00,753.7,760.7,749.7,755.7,300710,synthetic_split_adjusted
TEST0001,2025-08-07T15:30:00+09:00,748.55,755.55,744.55,750.55,300003,synthetic_split_adjusted
TEST0001,2025-08-08T15:30:00+09:00,744.66,751.66,740.66,746.66,300926,synthetic_split_adjusted
TEST0001,2025-08-11T15:30:00+09:00,742.13,749.13,738.13,744.13,303460,synthetic_split_adjusted
TEST0001,2025-08-12T15:30:00+09:00,741.01,748.01,737.01,743.01,307553,synthetic_split_adjusted
TEST0001,2025-08-13T15:30:00+09:00,741.35,748.35,737.35,743.35,313123,synthetic_split_adjusted
TEST0001,2025-08-14T15:30:00+09:00,743.14,750.14,739.14,745.14,320054,synthetic_split_adjusted
TEST0001,2025-08-15T15:30:00+09:00,746.37,753.37,742.37,748.37,328207,synthetic_split_adjusted
TEST0001,2025-08-18T15:30:00+09:00,750.99,757.99,746.99,752.99,337416,synthetic_split_adjusted
TEST0001,2025-08-19T15:30:00+09:00,756.92,763.92,752.92,758.92,347492,synthetic_split_adjusted
TEST0001,2025-08-20T15:30:00+09:00,764.06,771.06,760.06,766.06,358230,synthetic_split_adjusted
TEST0001,2025-08-21T15:30:00+09:00,772.29,779.29,768.29,774.29,369411,synthetic_split_adjusted
TEST0001,2025-08-22T15:30:00+09:00,781.46,788.46,777.46,783.46,380809,synthetic_split_adjusted
TEST0001,2025-08-25T15:30:00+09:00,791.39,798.39,787.39,793.39,392190,synthetic_split_adjusted
TEST0001,2025-08-26T15:30:00+09:00,801.93,808.93,797.93,803.93,403322,synthetic_split_adjusted
TEST0001,2025-08-27T15:30:00+09:00,812.86,819.86,808.86,814.86,413980,synthetic_split_adjusted
TEST0001,2025-08-28T15:30:00+09:00,824.0,831.0,820.0,826.0,423945,synthetic_split_adjusted
TEST0001,2025-08-29T15:30:00+09:00,835.14,842.14,831.14,837.14,433014,synthetic_split_adjusted
TEST0001,2025-09-01T15:30:00+09:00,846.07,853.07,842.07,848.07,441004,synthetic_split_adjusted
TEST0001,2025-09-02T15:30:00+09:00,856.61,863.61,852.61,858.61,447751,synthetic_split_adjusted
TEST0001,2025-09-03T15:30:00+09:00,866.54,873.54,862.54,868.54,453117,synthetic_split_adjusted
TEST0001,2025-09-04T15:30:00+09:00,875.71,882.71,871.71,877.71,456994,synthetic_split_adjusted
TEST0001,2025-09-05T15:30:00+09:00,883.94,890.94,879.94,885.94,459302,synthetic_split_adjusted
TEST0001,2025-09-08T15:30:00+09:00,891.08,898.08,887.08,893.08,459995,synthetic_split_adjusted
TEST0001,2025-09-09T15:30:00+09:00,897.01,904.01,893.01,899.01,459058,synthetic_split_adjusted
TEST0001,2025-09-10T15:30:00+09:00,901.63,908.63,897.63,903.63,456510,synthetic_split_adjusted
TEST0001,2025-09-11T15:30:00+09:00,904.86,911.86,900.86,906.86,452403,synthetic_split_adjusted
TEST0001,2025-09-12T15:30:00+09:00,906.65,913.65,902.65,908.65,446821,synthetic_split_adjusted
TEST0001,2025-09-15T15:30:00+09:00,906.99,913.99,902.99,908.99,439878,synthetic_split_adjusted
TEST0001,2025-09-16T15:30:00+09:00,905.87,912.87,901.87,907.87,431714,synthetic_split_adjusted
TEST0001,2025-09-17T15:30:00+09:00,903.34,910.34,899.34,905.34,422498,synthetic_split_adjusted
TEST0001,2025-09-18T15:30:00+09:00,899.45,906.45,895.45,901.45,412415,synthetic_split_adjusted
TEST0001,2025-09-19T15:30:00+09:00,894.3,901.3,890.3,896.3,401672,synthetic_split_adjusted
TEST0001,2025-09-22T15:30:00+09:00,888.0,895.0,884.0,890.0,390487,synthetic_split_adjusted
TEST0001,2025-09-23T15:30:00+09:00,880.68,887.68,876.68,882.68,379089,synthetic_split_adjusted
TEST0001,2025-09-24T15:30:00+09:00,872.51,879.51,868.51,874.51,367709,synthetic_split_adjusted
TEST0001,2025-09-25T15:30:00+09:00,863.65,870.65,859.65,865.65,356580,synthetic_split_adjusted
TEST0001,2025-09-26T15:30:00+09:00,854.29,861.29,850.29,856.29,345928,synthetic_split_adjusted
TEST0001,2025-09-29T15:30:00+09:00,844.63,851.63,840.63,846.63,335970,synthetic_split_adjusted
TEST0001,2025-09-30T15:30:00+09:00,834.87,841.87,830.87,836.87,326909,synthetic_split_adjusted
TEST0001,2025-10-01T15:30:00+09:00,825.21,832.21,821.21,827.21,318929,synthetic_split_adjusted
TEST0001,2025-10-02T15:30:00+09:00,815.85,822.85,811.85,817.85,312194,synthetic_split_adjusted
TEST0001,2025-10-03T15:30:00+09:00,806.99,813.99,802.99,808.99,306841,synthetic_split_adjusted
TEST0001,2025-10-06T15:30:00+09:00,798.82,805.82,794.82,800.82,302977,synthetic_split_adjusted
TEST0001,2025-10-07T15:30:00+09:00,791.5,798.5,787.5,793.5,300683,synthetic_split_adjusted
TEST0001,2025-10-08T15:30:00+09:00,785.2,792.2,781.2,787.2,300005,synthetic_split_adjusted
TEST0001,2025-10-09T15:30:00+09:00,780.05,787.05,776.05,782.05,300957,synthetic_split_adjusted
TEST0001,2025-10-10T15:30:00+09:00,776.16,783.16,772.16,778.16,303519,synthetic_split_adjusted
TEST0001,2025-10-13T15:30:00+09:00,773.63,780.63,769.63,775.63,307639,synthetic_split_adjusted
TEST0001,2025-10-14T15:30:00+09:00,772.51,779.51,768.51,774.51,313234,synthetic_split_adjusted
TEST0001,2025-10-15T15:30:00+09:00,772.85,779.85,768.85,774.85,320188,synthetic_split_adjusted
TEST0001,2025-10-16T15:30:00+09:00,774.64,781.64,770.64,776.64,328362,synthetic_split_adjusted
TEST0001,2025-10-17T15:30:00+09:00,777.87,784.87,773.87,779.87,337587,synthetic_split_adjusted
TEST0001,2025-10-20T15:30:00+09:00,782.49,789.49,778.49,784.49,347676,synthetic_split_adjusted
TEST0001,2025-10-21T15:30:00+09:00,788.42,795.42,784.42,790.42,358424,synthetic_split_adjusted
TEST0001,2025-10-22T15:30:00+09:00,795.56,802.56,791.56,797.56,369612,synthetic_split_adjusted
TEST0001,2025-10-23T15:30:00+09:00,803.79,810.79,799.79,805.79,381011,synthetic_split_adjusted
TEST0001,2025-10-24T15:30:00+09:00,812.96,819.96,808.96,814.96,392390,synthetic_split_adjusted
TEST0001,2025-10-27T15:30:00+09:00,822.89,829.89,818.89,824.89,403516,synthetic_split_adjusted
TEST0001,2025-10-28T15:30:00+09:00,833.43,840.43,829.43,835.43,414163,synthetic_split_adjusted
TEST0001,2025-10-29T15:30:00+09:00,844.36,851.36,840.36,846.36,424114,synthetic_split_adjusted
TEST0001,2025-10-30T15:30:00+09:00,855.5,862.5,851.5,857.5,433166,synthetic_split_adjusted
TEST0001,2025-10-31T15:30:00+09:00,866.64,873.64,862.64,868.64,441135,synthetic_split_adjusted
TEST0001,2025-11-03T15:30:00+09:00,877.57,884.57,873.57,879.57,447858,synthetic_split_adjusted
TEST0001,2025-11-04T15:30:00+09:00,888.11,895.11,884.11,890.11,453199,synthetic_split_adjusted
TEST0001,2025-11-05T15:30:00+09:00,898.04,905.04,894.04,900.04,457049,synthetic_split_adjusted
TEST0001,2025-11-06T15:30:00+09:00,907.21,914.21,903.21,909.21,459329,synthetic_split_adjusted
TEST0001,2025-11-07T15:30:00+09:00,915.44,922.44,911.44,917.44,459992,synthetic_split_adjusted
TEST0001,2025-11-10T15:30:00+09:00,922.58,929.58,918.58,924.58,459026,synthetic_split_adjusted
TEST0001,2025-11-11T15:30:00+09:00,928.51,935.51,924.51,930.51,456450,synthetic_split_adjusted
TEST0001,2025-11-12T15:30:00+09:00,933.13,940.13,929.13,935.13,452317,synthetic_split_adjusted
TEST0001,2025-11-13T15:30:00+09:00,936.36,943.36,932.36,938.36,446709,synthetic_split_adjusted
TEST0001,2025-11-14T15:30:00+09:00,938.15,945.15,934.15,940.15,439743,synthetic_split_adjusted
TEST0001,2025-11-17T15:30:00+09:00,938.49,945.49,934.49,940.49,431560,synthetic_split_adjusted
TEST0001,2025-11-18T15:30:00+09:00,937.37,944.37,933.37,939.37,422326,synthetic_split_adjusted
TEST0001,2025-11-19T15:30:00+09:00,934.84,941.84,930.84,936.84,412230,synthetic_split_adjusted
TEST0001,2025-11-20T15:30:00+09:00,930.95,937.95,926.95,932.95,401477,synthetic_split_adjusted
TEST0001,2025-11-21T15:30:00+09:00,925.8,932.8,921.8,927.8,390287,synthetic_split_adjusted
TEST0001,2025-11-24T15:30:00+09:00,919.5,926.5,915.5,921.5,378887,synthetic_split_adjusted
TEST0001,2025-11-25T15:30:00+09:00,912.18,919.18,908.18,914.18,367509,synthetic_split_adjusted
TEST0001,2025-11-26T15:30:00+09:00,904.01,911.01,900.01,906.01,356387,synthetic_split_adjusted
TEST0001,2025-11-27T15:30:00+09:00,895.15,902.15,891.15,897.15,345745,synthetic_split_adjusted
TEST0001,2025-11-28T15:30:00+09:00,885.79,892.79,881.79,887.79,335801,synthetic_split_adjusted
TEST0001,2025-12-01T15:30:00+09:00,876.13,883.13,872.13,878.13,326758,synthetic_split_adjusted
TEST0001,2025-12-02T15:30:00+09:00,866.37,873.37,862.37,868.37,318799,synthetic_split_adjusted
TEST0001,2025-12-03T15:30:00+09:00,856.71,863.71,852.71,858.71,312087,synthetic_split_adjusted
TEST0001,2025-12-04T15:30:00+09:00,847.35,854.35,843.35,849.35,306759,synthetic_split_adjusted
TEST0001,2025-12-05T15:30:00+09:00,838.49,845.49,834.49,840.49,302923,synthetic_split_adjusted
TEST0001,2025-12-08T15:30:00+09:00,830.32,837.32,826.32,832.32,300657,synthetic_split_adjusted
TEST0001,2025-12-09T15:30:00+09:00,823.0,830.0,819.0,825.0,300008,synthetic_split_adjusted
TEST0001,2025-12-10T15:30:00+09:00,816.7,823.7,812.7,818.7,300988,synthetic_split_adjusted
TEST0001,2025-12-11T15:30:00+09:00,811.55,818.55,807.55,813.55,303579,synthetic_split_adjusted
TEST0001,2025-12-12T15:30:00+09:00,807.66,814.66,803.66,809.66,307726,synthetic_split_adjusted
TEST0001,2025-12-15T15:30:00+09:00,805.13,812.13,801.13,807.13,313345,synthetic_split_adjusted
TEST0001,2025-12-16T15:30:00+09:00,804.01,811.01,800.01,806.01,320323,synthetic_split_adjusted
TEST0001,2025-12-17T15:30:00+09:00,804.35,811.35,800.35,806.35,328516,synthetic_split_adjusted
TEST0001,2025-12-18T15:30:00+09:00,806.14,813.14,802.14,808.14,337759,synthetic_split_adjusted
TEST0001,2025-12-19T15:30:00+09:00,809.37,816.37,805.37,811.37,347862,synthetic_split_adjusted
TEST0001,2025-12-22T15:30:00+09:00,813.99,820.99,809.99,815.99,358619,synthetic_split_adjusted
TEST0001,2025-12-23T15:30:00+09:00,819.92,826.92,815.92,821.92,369813,synthetic_split_adjusted
TEST0001,2025-12-24T15:30:00+09:00,827.06,834.06,823.06,829.06,381213,synthetic_split_adjusted
TEST0001,2025-12-25T15:30:00+09:00,835.29,842.29,831.29,837.29,392589,synthetic_split_adjusted
TEST0001,2025-12-26T15:30:00+09:00,844.46,851.46,840.46,846.46,403709,synthetic_split_adjusted
TEST0001,2025-12-29T15:30:00+09:00,854.39,861.39,850.39,856.39,414346,synthetic_split_adjusted
TEST0001,2025-12-30T15:30:00+09:00,864.93,871.93,860.93,866.93,424282,synthetic_split_adjusted
TEST0001,2025-12-31T15:30:00+09:00,875.86,882.86,871.86,877.86,433317,synthetic_split_adjusted
TEST0001,2026-01-01T15:30:00+09:00,887.0,894.0,883.0,889.0,441265,synthetic_split_adjusted
TEST0001,2026-01-02T15:30:00+09:00,898.14,905.14,894.14,900.14,447965,synthetic_split_adjusted
TEST0001,2026-01-05T15:30:00+09:00,909.07,916.07,905.07,911.07,453281,synthetic_split_adjusted
TEST0001,2026-01-06T15:30:00+09:00,919.61,926.61,915.61,921.61,457103,synthetic_split_adjusted
TEST0001,2026-01-07T15:30:00+09:00,929.54,936.54,925.54,931.54,459355,synthetic_split_adjusted
TEST0001,2026-01-08T15:30:00+09:00,938.71,945.71,934.71,940.71,459990,synthetic_split_adjusted
TEST0001,2026-01-09T15:30:00+09:00,946.94,953.94,942.94,948.94,458995,synthetic_split_adjusted
TEST0001,2026-01-12T15:30:00+09:00,954.08,961.08,950.08,956.08,456390,synthetic_split_adjusted
TEST0001,2026-01-13T15:30:00+09:00,960.01,967.01,956.01,962.01,452230,synthetic_split_adjusted
TEST0001,2026-01-14T15:30:00+09:00,964.63,971.63,960.63,966.63,446598,synthetic_split_adjusted
TEST0001,2026-01-15T15:30:00+09:00,967.86,974.86,963.86,969.86,439609,synthetic_split_adjusted
TEST0001,2026-01-16T15:30:00+09:00,969.65,976.65,965.65,971.65,431405,synthetic_split_adjusted
TEST0001,2026-01-19T15:30:00+09:00,969.99,976.99,965.99,971.99,422154,synthetic_split_adjusted
TEST0001,2026-01-20T15:30:00+09:00,968.87,975.87,964.87,970.87,412045,synthetic_split_adjusted
TEST0001,2026-01-21T15:30:00+09:00,966.34,973.34,962.34,968.34,401282,synthetic_split_adjusted
TEST0001,2026-01-22T15:30:00+09:00,962.45,969.45,958.45,964.45,390086,synthetic_split_adjusted
TEST0001,2026-01-23T15:30:00+09:00,957.3,964.3,953.3,959.3,378684,synthetic_split_adjusted
TEST0001,2026-01-26T15:30:00+09:00,951.0,958.0,947.0,953.0,367310,synthetic_split_adjusted
TEST0001,2026-01-27T15:30:00+09:00,943.68,950.68,939.68,945.68,356193,synthetic_split_adjusted
TEST0001,2026-01-28T15:30:00+09:00,935.51,942.51,931.51,937.51,345562,synthetic_split_adjusted
TEST0001,2026-01-29T15:30:00+09:00,926.65,933.65,922.65,928.65,335633,synthetic_split_adjusted
TEST0001,2026-01-30T15:30:00+09:00,917.29,924.29,913.29,919.29,326607,synthetic_split_adjusted
TEST0001,2026-02-02T15:30:00+09:00,907.63,914.63,903.63,909.63,318669,synthetic_split_adjusted
TEST0001,2026-02-03T15:30:00+09:00,897.87,904.87,893.87,899.87,311980,synthetic_split_adjusted
TEST0001,2026-02-04T15:30:00+09:00,888.21,895.21,884.21,890.21,306678,synthetic_split_adjusted
TEST0001,2026-02-05T15:30:00+09:00,878.85,885.85,874.85,880.85,302869,synthetic_split_adjusted
TEST0001,2026-02-06T15:30:00+09:00,869.99,876.99,865.99,871.99,300632,synthetic_split_adjusted
TEST0001,2026-02-09T15:30:00+09:00,861.82,868.82,857.82,863.82,300011,synthetic_split_adjusted
TEST0001,2026-02-10T15:30:00+09:00,854.5,861.5,850.5,856.5,301020,synthetic_split_adjusted
TEST0001,2026-02-11T15:30:00+09:00,848.2,855.2,844.2,850.2,303639,synthetic_split_adjusted
TEST0001,2026-02-12T15:30:00+09:00,843.05,850.05,839.05,845.05,307813,synthetic_split_adjusted
TEST0001,2026-02-13T15:30:00+09:00,839.16,846.16,835.16,841.16,313458,synthetic_split_adjusted
TEST0001,2026-02-16T15:30:00+09:00,836.63,843.63,832.63,838.63,320458,synthetic_split_adjusted
TEST0001,2026-02-17T15:30:00+09:00,835.51,842.51,831.51,837.51,328671,synthetic_split_adjusted
TEST0001,2026-02-18T15:30:00+09:00,835.85,842.85,831.85,837.85,337931,synthetic_split_adjusted
TEST0001,2026-02-19T15:30:00+09:00,837.64,844.64,833.64,839.64,348047,synthetic_split_adjusted
TEST0001,2026-02-20T15:30:00+09:00,840.87,847.87,836.87,842.87,358814,synthetic_split_adjusted
TEST0001,2026-02-23T15:30:00+09:00,845.49,852.49,841.49,847.49,370013,synthetic_split_adjusted
TEST0001,2026-02-24T15:30:00+09:00,851.42,858.42,847.42,853.42,381416,synthetic_split_adjusted
TEST0001,2026-02-25T15:30:00+09:00,858.56,865.56,854.56,860.56,392789,synthetic_split_adjusted
TEST0001,2026-02-26T15:30:00+09:00,866.79,873.79,862.79,868.79,403902,synthetic_split_adjusted
TEST0001,2026-02-27T15:30:00+09:00,875.96,882.96,871.96,877.96,414528,synthetic_split_adjusted
TEST0001,2026-03-02T15:30:00+09:00,885.89,892.89,881.89,887.89,424451,synthetic_split_adjusted
TEST0001,2026-03-03T15:30:00+09:00,896.43,903.43,892.43,898.43,433468,synthetic_split_adjusted
TEST0001,2026-03-04T15:30:00+09:00,907.36,914.36,903.36,909.36,441395,synthetic_split_adjusted
TEST0001,2026-03-05T15:30:00+09:00,918.5,925.5,914.5,920.5,448072,synthetic_split_adjusted
TEST0001,2026-03-06T15:30:00+09:00,929.64,936.64,925.64,931.64,453362,synthetic_split_adjusted
TEST0001,2026-03-09T15:30:00+09:00,940.57,947.57,936.57,942.57,457157,synthetic_split_adjusted
TEST0001,2026-03-10T15:30:00+09:00,951.11,958.11,947.11,953.11,459380,synthetic_split_adjusted
TEST0001,2026-03-11T15:30:00+09:00,961.04,968.04,957.04,963.04,459986,synthetic_split_adjusted
TEST0001,2026-03-12T15:30:00+09:00,970.21,977.21,966.21,972.21,458962,synthetic_split_adjusted
TEST0001,2026-03-13T15:30:00+09:00,978.44,985.44,974.44,980.44,456330,synthetic_split_adjusted
TEST0001,2026-03-16T15:30:00+09:00,985.58,992.58,981.58,987.58,452143,synthetic_split_adjusted
TEST0001,2026-03-17T15:30:00+09:00,991.51,998.51,987.51,993.51,446485,synthetic_split_adjusted
TEST0001,2026-03-18T15:30:00+09:00,996.13,1003.13,992.13,998.13,439473,synthetic_split_adjusted
TEST0001,2026-03-19T15:30:00+09:00,999.36,1006.36,995.36,1001.36,431250,synthetic_split_adjusted
TEST0001,2026-03-20T15:30:00+09:00,1001.15,1008.15,997.15,1003.15,421982,synthetic_split_adjusted
TEST0001,2026-03-23T15:30:00+09:00,1001.49,1008.49,997.49,1003.49,411859,synthetic_split_adjusted
TEST0001,2026-03-24T15:30:00+09:00,1000.37,1007.37,996.37,1002.37,401087,synthetic_split_adjusted
TEST0001,2026-03-25T15:30:00+09:00,997.84,1004.84,993.84,999.84,389885,synthetic_split_adjusted
TEST0001,2026-03-26T15:30:00+09:00,993.95,1000.95,989.95,995.95,378482,synthetic_split_adjusted
TEST0001,2026-03-27T15:30:00+09:00,988.8,995.8,984.8,990.8,367110,synthetic_split_adjusted
TEST0001,2026-03-30T15:30:00+09:00,982.5,989.5,978.5,984.5,356000,synthetic_split_adjusted
TEST0001,2026-03-31T15:30:00+09:00,975.18,982.18,971.18,977.18,345380,synthetic_split_adjusted
TEST0001,2026-04-01T15:30:00+09:00,967.01,974.01,963.01,969.01,335464,synthetic_split_adjusted
TEST0001,2026-04-02T15:30:00+09:00,958.15,965.15,954.15,960.15,326456,synthetic_split_adjusted
TEST0001,2026-04-03T15:30:00+09:00,948.79,955.79,944.79,950.79,318539,synthetic_split_adjusted
TEST0001,2026-04-06T15:30:00+09:00,939.13,946.13,935.13,941.13,311874,synthetic_split_adjusted
TEST0001,2026-04-07T15:30:00+09:00,929.37,936.37,925.37,931.37,306597,synthetic_split_adjusted
TEST0001,2026-04-08T15:30:00+09:00,919.71,926.71,915.71,921.71,302816,synthetic_split_adjusted
TEST0001,2026-04-09T15:30:00+09:00,910.35,917.35,906.35,912.35,300606,synthetic_split_adjusted
TEST0001,2026-04-10T15:30:00+09:00,901.49,908.49,897.49,903.49,300015,synthetic_split_adjusted
TEST0001,2026-04-13T15:30:00+09:00,893.32,900.32,889.32,895.32,301053,synthetic_split_adjusted
TEST0001,2026-04-14T15:30:00+09:00,886.0,893.0,882.0,888.0,303699,synthetic_split_adjusted
TEST0001,2026-04-15T15:30:00+09:00,879.7,886.7,875.7,881.7,307900,synthetic_split_adjusted
TEST0001,2026-04-16T15:30:00+09:00,874.55,881.55,870.55,876.55,313570,synthetic_split_adjusted
TEST0001,2026-04-17T15:30:00+09:00,870.66,877.66,866.66,872.66,320593,synthetic_split_adjusted
TEST0001,2026-04-20T15:30:00+09:00,868.13,875.13,864.13,870.13,328827,synthetic_split_adjusted
TEST0001,2026-04-21T15:30:00+09:00,867.01,874.01,863.01,869.01,338103,synthetic_split_adjusted
TEST0001,2026-04-22T15:30:00+09:00,867.35,874.35,863.35,869.35,348233,synthetic_split_adjusted
TEST0001,2026-04-23T15:30:00+09:00,869.14,876.14,865.14,871.14,359010,synthetic_split_adjusted
TEST0001,2026-04-24T15:30:00+09:00,872.37,879.37,868.37,874.37,370214,synthetic_split_adjusted
TEST0001,2026-04-27T15:30:00+09:00,876.99,883.99,872.99,878.99,381618,synthetic_split_adjusted
TEST0001,2026-04-28T15:30:00+09:00,882.92,889.92,878.92,884.92,392989,synthetic_split_adjusted
TEST0001,2026-04-29T15:30:00+09:00,890.06,897.06,886.06,892.06,404095,synthetic_split_adjusted
TEST0001,2026-04-30T15:30:00+09:00,898.29,905.29,894.29,900.29,414711,synthetic_split_adjusted
TEST0001,2026-05-01T15:30:00+09:00,907.46,914.46,903.46,909.46,424619,synthetic_split_adjusted
TEST0001,2026-05-04T15:30:00+09:00,917.39,924.39,913.39,919.39,433618,synthetic_split_adjusted
TEST0001,2026-05-05T15:30:00+09:00,927.93,934.93,923.93,929.93,441525,synthetic_split_adjusted
TEST0001,2026-05-06T15:30:00+09:00,938.86,945.86,934.86,940.86,448178,synthetic_split_adjusted
TEST0001,2026-05-07T15:30:00+09:00,950.0,957.0,946.0,952.0,453442,synthetic_split_adjusted
TEST0001,2026-05-08T15:30:00+09:00,961.14,968.14,957.14,963.14,457210,synthetic_split_adjusted
TEST0001,2026-05-11T15:30:00+09:00,972.07,979.07,968.07,974.07,459405,synthetic_split_adjusted
TEST0001,2026-05-12T15:30:00+09:00,982.61,989.61,978.61,984.61,459982,synthetic_split_adjusted
TEST0001,2026-05-13T15:30:00+09:00,992.54,999.54,988.54,994.54,458930,synthetic_split_adjusted
TEST0001,2026-05-14T15:30:00+09:00,1001.71,1008.71,997.71,1003.71,456269,synthetic_split_adjusted
TEST0001,2026-05-15T15:30:00+09:00,1009.94,1016.94,1005.94,1011.94,452055,synthetic_split_adjusted
TEST0001,2026-05-18T15:30:00+09:00,1017.08,1024.08,1013.08,1019.08,446373,synthetic_split_adjusted
TEST0001,2026-05-19T15:30:00+09:00,1023.01,1030.01,1019.01,1025.01,439338,synthetic_split_adjusted
TEST0001,2026-05-20T15:30:00+09:00,1027.63,1034.63,1023.63,1029.63,431094,synthetic_split_adjusted
TEST0001,2026-05-21T15:30:00+09:00,1030.86,1037.86,1026.86,1032.86,421810,synthetic_split_adjusted
TEST0001,2026-05-22T15:30:00+09:00,1032.65,1039.65,1028.65,1034.65,411674,synthetic_split_adjusted
TEST0001,2026-05-25T15:30:00+09:00,1032.99,1039.99,1028.99,1034.99,400892,synthetic_split_adjusted
TEST0001,2026-05-26T15:30:00+09:00,1031.87,1038.87,1027.87,1033.87,389685,synthetic_split_adjusted
TEST0001,2026-05-27T15:30:00+09:00,1029.34,1036.34,1025.34,1031.34,378280,synthetic_split_adjusted
TEST0001,2026-05-28T15:30:00+09:00,1025.45,1032.45,1021.45,1027.45,366910,synthetic_split_adjusted
TEST0001,2026-05-29T15:30:00+09:00,1020.3,1027.3,1016.3,1022.3,355807,synthetic_split_adjusted
TEST0001,2026-06-01T15:30:00+09:00,1014.0,1021.0,1010.0,1016.0,345197,synthetic_split_adjusted
TEST0001,2026-06-02T15:30:00+09:00,1006.68,1013.68,1002.68,1008.68,335296,synthetic_split_adjusted
TEST0001,2026-06-03T15:30:00+09:00,998.51,1005.51,994.51,1000.51,326306,synthetic_split_adjusted
TEST0001,2026-06-04T15:30:00+09:00,989.65,996.65,985.65,991.65,318410,synthetic_split_adjusted
TEST0001,2026-06-05T15:30:00+09:00,980.29,987.29,976.29,982.29,311768,synthetic_split_adjusted
TEST0001,2026-06-08T15:30:00+09:00,970.63,977.63,966.63,972.63,306517,synthetic_split_adjusted
TEST0001,2026-06-09T15:30:00+09:00,960.87,967.87,956.87,962.87,302763,synthetic_split_adjusted
TEST0001,2026-06-10T15:30:00+09:00,951.21,958.21,947.21,953.21,300582,synthetic_split_adjusted
TEST0001,2026-06-11T15:30:00+09:00,941.85,948.85,937.85,943.85,300019,synthetic_split_adjusted
TEST0001,2026-06-12T15:30:00+09:00,932.99,939.99,928.99,934.99,301086,synthetic_split_adjusted
TEST0001,2026-06-15T15:30:00+09:00,924.82,931.82,920.82,926.82,303760,synthetic_split_adjusted
TEST0001,2026-06-16T15:30:00+09:00,917.5,924.5,913.5,919.5,307988,synthetic_split_adjusted
TEST0001,2026-06-17T15:30:00+09:00,911.2,918.2,907.2,913.2,313683,synthetic_split_adjusted
TEST0001,2026-06-18T15:30:00+09:00,906.05,913.05,902.05,908.05,320729,synthetic_split_adjusted
TEST0001,2026-06-19T15:30:00+09:00,902.16,909.16,898.16,904.16,328982,synthetic_split_adjusted
TEST0001,2026-06-22T15:30:00+09:00,899.63,906.63,895.63,901.63,338275,synthetic_split_adjusted
TEST0001,2026-06-23T15:30:00+09:00,898.51,905.51,894.51,900.51,348418,synthetic_split_adjusted
TEST0001,2026-06-24T15:30:00+09:00,898.85,905.85,894.85,900.85,359205,synthetic_split_adjusted
TEST0001,2026-06-25T15:30:00+09:00,900.64,907.64,896.64,902.64,370415,synthetic_split_adjusted
TEST0001,2026-06-26T15:30:00+09:00,903.87,910.87,899.87,905.87,381820,synthetic_split_adjusted
TEST0001,2026-06-29T15:30:00+09:00,908.49,915.49,904.49,910.49,393188,synthetic_split_adjusted
TEST0001,2026-06-30T15:30:00+09:00,914.42,921.42,910.42,916.42,404288,synthetic_split_adjusted
TEST0001,2026-07-01T15:30:00+09:00,921.56,928.56,917.56,923.56,414893,synthetic_split_adjusted
TEST0001,2026-07-02T15:30:00+09:00,929.79,936.79,925.79,931.79,424786,synthetic_split_adjusted
TEST0001,2026-07-03T15:30:00+09:00,938.96,945.96,934.96,940.96,433768,synthetic_split_adjusted
TEST0001,2026-07-06T15:30:00+09:00,948.89,955.89,944.89,950.89,441654,synthetic_split_adjusted
TEST0001,2026-07-07T15:30:00+09:00,959.43,966.43,955.43,961.43,448283,synthetic_split_adjusted
TEST0001,2026-07-08T15:30:00+09:00,970.36,977.36,966.36,972.36,453522,synthetic_split_adjusted
TEST0001,2026-07-09T15:30:00+09:00,981.5,988.5,977.5,983.5,457263,synthetic_split_adjusted
TEST0001,2026-07-10T15:30:00+09:00,992.64,999.64,988.64,994.64,459429,synthetic_split_adjusted
TEST0001,2026-07-13T15:30:00+09:00,1003.57,1010.57,999.57,1005.57,459978,synthetic_split_adjusted
TEST0001,2026-07-14T15:30:00+09:00,1014.11,1021.11,1010.11,1016.11,458896,synthetic_split_adjusted
TEST0001,2026-07-15T15:30:00+09:00,1024.04,1031.04,1020.04,1026.04,456208,synthetic_split_adjusted
TEST0001,2026-07-16T15:30:00+09:00,1033.21,1040.21,1029.21,1035.21,451967,synthetic_split_adjusted
TEST0001,2026-07-17T15:30:00+09:00,1041.44,1048.44,1037.44,1043.44,446259,synthetic_split_adjusted
TEST0001,2026-07-20T15:30:00+09:00,1048.58,1055.58,1044.58,1050.58,439202,synthetic_split_adjusted
TEST0001,2026-07-21T15:30:00+09:00,1054.51,1061.51,1050.51,1056.51,430939,synthetic_split_adjusted
TEST0001,2026-07-22T15:30:00+09:00,1059.13,1066.13,1055.13,1061.13,421637,synthetic_split_adjusted
TEST0001,2026-07-23T15:30:00+09:00,1062.36,1069.36,1058.36,1064.36,411488,synthetic_split_adjusted
TEST0001,2026-07-24T15:30:00+09:00,1064.15,1071.15,1060.15,1066.15,400696,synthetic_split_adjusted
TEST0001,2026-07-27T15:30:00+09:00,1064.49,1071.49,1060.49,1066.49,389484,synthetic_split_adjusted
TEST0001,2026-07-28T15:30:00+09:00,1063.37,1070.37,1059.37,1065.37,378078,synthetic_split_adjusted
TEST0001,2026-07-29T15:30:00+09:00,1060.84,1067.84,1056.84,1062.84,366711,synthetic_split_adjusted
TEST0001,2026-07-30T15:30:00+09:00,1056.95,1063.95,1052.95,1058.95,355615,synthetic_split_adjusted
TEST0001,2026-07-31T15:30:00+09:00,1051.8,1058.8,1047.8,1053.8,345015,synthetic_split_adjusted
TEST0001,2026-08-03T15:30:00+09:00,1045.5,1052.5,1041.5,1047.5,335129,synthetic_split_adjusted
TEST0001,2026-08-04T15:30:00+09:00,1038.18,1045.18,1034.18,1040.18,326156,synthetic_split_adjusted
TEST0001,2026-08-05T15:30:00+09:00,1030.01,1037.01,1026.01,1032.01,318281,synthetic_split_adjusted
TEST0001,2026-08-06T15:30:00+09:00,1021.15,1028.15,1017.15,1023.15,311663,synthetic_split_adjusted
TEST0001,2026-08-07T15:30:00+09:00,1011.79,1018.79,1007.79,1013.79,306437,synthetic_split_adjusted
TEST0001,2026-08-10T15:30:00+09:00,1002.13,1009.13,998.13,1004.13,302710,synthetic_split_adjusted
TEST0001,2026-08-11T15:30:00+09:00,992.37,999.37,988.37,994.37,300558,synthetic_split_adjusted
TEST0001,2026-08-12T15:30:00+09:00,982.71,989.71,978.71,984.71,300024,synthetic_split_adjusted
TEST0001,2026-08-13T15:30:00+09:00,973.35,980.35,969.35,975.35,301119,synthetic_split_adjusted
TEST0001,2026-08-14T15:30:00+09:00,964.49,971.49,960.49,966.49,303822,synthetic_split_adjusted
TEST0001,2026-08-17T15:30:00+09:00,956.32,963.32,952.32,958.32,308076,synthetic_split_adjusted
TEST0001,2026-08-18T15:30:00+09:00,949.0,956.0,945.0,951.0,313796,synthetic_split_adjusted
TEST0001,2026-08-19T15:30:00+09:00,942.7,949.7,938.7,944.7,320865,synthetic_split_adjusted
TEST0001,2026-08-20T15:30:00+09:00,937.55,944.55,933.55,939.55,329139,synthetic_split_adjusted
TEST0001,2026-08-21T15:30:00+09:00,933.66,940.66,929.66,935.66,338448,synthetic_split_adjusted
TEST0001,2026-08-24T15:30:00+09:00,931.13,938.13,927.13,933.13,348604,synthetic_split_adjusted
TEST0001,2026-08-25T15:30:00+09:00,930.01,937.01,926.01,932.01,359400,synthetic_split_adjusted
TEST0001,2026-08-26T15:30:00+09:00,930.35,937.35,926.35,932.35,370616,synthetic_split_adjusted
TEST0001,2026-08-27T15:30:00+09:00,932.14,939.14,928.14,934.14,382022,synthetic_split_adjusted
TEST0001,2026-08-28T15:30:00+09:00,935.37,942.37,931.37,937.37,393388,synthetic_split_adjusted
TEST0001,2026-08-31T15:30:00+09:00,939.99,946.99,935.99,941.99,404481,synthetic_split_adjusted
TEST0001,2026-09-01T15:30:00+09:00,945.92,952.92,941.92,947.92,415075,synthetic_split_adjusted
TEST0001,2026-09-02T15:30:00+09:00,983.0,990.0,979.0,985.0,424954,synthetic_split_adjusted
TEST0001,2026-09-03T15:30:00+09:00,978.0,985.0,974.0,980.0,433917,synthetic_split_adjusted
TEST0001,2026-09-04T15:30:00+09:00,980.0,987.0,976.0,982.0,441782,synthetic_split_adjusted
TEST0001,2026-09-07T15:30:00+09:00,985.0,992.0,981.0,987.0,448389,synthetic_split_adjusted
TEST0001,2026-09-08T15:30:00+09:00,989.0,996.0,985.0,991.0,453602,synthetic_split_adjusted
TEST0001,2026-09-09T15:30:00+09:00,998.0,1005.0,994.0,1000.0,457315,synthetic_split_adjusted
